id,created_at,updated_at,key,name,what,workflow_name,schedule_type,times,days,default_on,needs,connector_trigger_id,trigger_source,position
39ca9a55-6c54-4b66-b0ab-22634d84779a,2026-10-08T13:15:39.553020Z,2026-10-08T13:33:41.225982Z,outlook_calendar_changed,Watch Outlook calendar,Notices when something on your Outlook calendar changes.,outlook_calendar_changed,WEBHOOK,,,true,outlook,outlook:composio:outlook_event_change_trigger,outlook,14
60f64a7b-0aa4-4536-b999-c0af6a75f5c0,2026-10-08T13:15:39.014000Z,2026-10-08T13:15:39.014000Z,outlook_mail_arrived,Watch Outlook mail,Picks up new Outlook mail the moment it lands.,outlook_mail_arrived,WEBHOOK,,,true,outlook,outlook:composio:outlook_message_trigger,outlook,13
12b4c220-33e5-4660-9f71-ea88e56cef49,2026-09-25T08:12:47.697482Z,2026-10-08T13:33:40.690052Z,calendar_changed,Watch Google Calendar,Notices when something on your calendar changes.,calendar_changed,WEBHOOK,,,true,google_calendar,google_calendar:composio:googlecalendar_google_calendar_event_sync_trigger,google_calendar,12
e0bcba27-edfc-4b8b-85d7-df8cd0f8a293,2026-09-25T08:12:47.177547Z,2026-10-08T13:15:40.078834Z,mail_arrived,Watch Gmail,Picks up new Gmail the moment it lands.,mail_arrived,WEBHOOK,,,true,gmail,gmail:composio:gmail_new_gmail_message,gmail,11
47dddc91-73d5-42a6-ae04-bfb49a58750d,2026-09-25T08:12:46.657881Z,2026-09-25T08:12:46.657881Z,slack_poll,Check Slack,"Reads the channels Lem was invited to, twice a day.",slack_poll,TIME,"[[9, 30], [17, 30]]",1-5,false,slack,,,10
8044407b-40dc-4409-b2cb-ee63569a5aa6,2026-09-25T08:12:46.130892Z,2026-09-25T08:12:46.130892Z,cold_pitches,Cold Pitch Sweep,"Lists everyone who has pitched you three or more times without a reply, with a one-line decline ready for each.",autopilot_cold_pitches,TIME,"[[12, 0]]",5,false,,,,9
b353f9ff-56b5-4a6d-b7af-69d10a08b407,2026-09-25T08:12:45.598326Z,2026-09-25T08:12:45.598326Z,learn_voice,Learn your voice,Re-reads your sent mail once a month so every draft keeps sounding like you.,autopilot_learn_voice,TIME,"[[4, 0]]",1st,true,,,,8
07191ee0-85b2-482a-8cc5-44b7e0f9fb69,2026-09-25T08:12:45.075607Z,2026-09-25T08:12:45.075607Z,suggestions,Suggestions,"Notices the things you would probably want done, and offers rather than acts.",autopilot_suggestions,TIME,"[[9, 0]]",1,true,,,,7
6df228f2-0ee5-4d8d-a748-2ad5effdef22,2026-09-25T08:12:44.542125Z,2026-09-25T08:12:44.542125Z,nightly_catchup,Nightly catch-up,Re-reads the last few days in case a webhook was missed.,nightly_catchup,TIME,"[[2, 0]]",*,true,,,,6
a7aaf961-00ac-4b0d-ac7d-012f946f8e5b,2026-09-25T08:12:44.043256Z,2026-09-25T08:12:44.043256Z,tidy_up,Tidy Up,"Closes what you already handled, retires anything a later arrangement replaced, and ages out what has gone cold.",autopilot_tidy_up,TIME,"[[23, 0]]",1-5,true,,,,5
88ee0f87-e2fe-4b57-8590-9879538e7eba,2026-09-25T08:12:43.565898Z,2026-09-25T08:12:43.565898Z,raise_next,Raise next time,Works out what is worth bringing up at your next recurring meeting.,autopilot_raise_next,TIME,"[[6, 15]]",*,true,,,,4
86a0e586-9af5-4cbd-8621-f4d0e4a43455,2026-09-25T08:12:43.003418Z,2026-09-25T08:12:43.003418Z,morning_brief,Morning Brief,"Today's meetings, what you owe each person, and anything overdue. Emailed to you alone.",autopilot_morning_brief,TIME,"[[7, 30]]",*,true,,,,3
6d83de0a-fb70-46e9-8732-5608848285cd,2026-09-25T08:12:42.527254Z,2026-09-25T08:12:42.527254Z,drafts,Prepared replies,"Writes the reply before you ask for it, with real times from your own calendar. Nothing sends itself.",autopilot_drafts,TIME,"[[7, 0]]",1-5,true,,,,2
db86075a-f2c6-4bb4-8803-c02fe661fd8f,2026-09-25T08:12:42.032670Z,2026-09-25T08:12:42.032670Z,situations,Keep the Feed readable,"Groups what is open into workstreams — customers, hiring, meetings — and writes the two lines that say where each stands.",autopilot_situations,TIME,"[[6, 45], [18, 45]]",*,true,,,,1
